title,price,rate,reviews
Armored Core VI: Fires of Rubicon - PlayStation 4,$59.99,Previous page of related Sponsored Products,
Eldest Souls - PlayStation 4,$34.99,Previous page of related Sponsored Products,
Sony Playstation PS4 1TB Black Console,$398.98,4.7 out of 5 stars,981 ratings
PlayStation 4 Slim 1TB Console,Page 1 of 1,4.7 out of 5 stars,"15,357 ratings"
PlayStation 4 500GB Console [Old Model][Discontinued],$221.98,4.6 out of 5 stars,"13,642 ratings"
PlayStation 4 Slim 500GB Console - Uncharted 4 Bundle Discontinued,Page 1 of 1,4.8 out of 5 stars,"6,385 ratings"
Sony Dualshock 4 Wireless Controller for PlayStation 4 - Glacier White - PlayStation 4,$64.00,4.6 out of 5 stars,"1,247 ratings"
PlayStation 4 Console 500 GB,Page 1 of 1,4.1 out of 5 stars,100 ratings
PlayStation®4 Console – Call of Duty® Modern Warfare II Bundle,Page 1 of 1,5.0 out of 5 stars,3 ratings
RPlay Play-Station 4 PS4 1TB Slim Edition Jet Black With 1 Wireless Controller,$568.99,4.8 out of 5 stars,7 ratings
DualShock 4 Wireless Controller for PlayStation 4 - Jet Black,$59.99,4.7 out of 5 stars,"144,720 ratings"
"Playstation Sony 4, 500GB Slim System [CUH-2215AB01], Black, 3003347",$200.00,4.5 out of 5 stars,305 ratings
NBA 2K23 - PlayStation 4,$59.99,4.7 out of 5 stars,"1,206 ratings"
DualShock 4 Wireless Controller for PlayStation 4 - Jet Black,$59.99,4.7 out of 5 stars,"144,720 ratings"
Atelier Ryza 3: Alchemist of the End & the Secret Key - PlayStation 4,$59.99,Previous page of related Sponsored Products,
DualShock 4 Wireless Controller for PlayStation 4 - Magma Red,$54.99,4.7 out of 5 stars,"144,720 ratings"
PlayStation PS5 Console – God of War Ragnarök Bundle,$559.00,4.8 out of 5 stars,"5,320 ratings"
$110 PlayStation Plus – Wallet Funds [Digital Code],$110.00,4.7 out of 5 stars,"254,263 ratings"
DualShock 4 Wireless Controller for PlayStation 4 - Midnight Blue,$63.00,4.7 out of 5 stars,"144,720 ratings"
Like a Dragon: Ishin! - PlayStation 4,$59.99,5.0 out of 5 stars,6 ratings
DNF Duel - PlayStation 4,$41.99,4.7 out of 5 stars,130 ratings
